{
    "appName": "psesecuritycam",
    "roleName": "pinpointLambdaRole43dffe0a",
    "cloudformationPolicyName": "cloudformationPolicy43dffe0a",
    "cloudWatchPolicyName": "cloudWatchPolicy43dffe0a",
    "pinpointPolicyName": "pinpointPolicy43dffe0a",
    "authPolicyName": "pinpoint_amplify_43dffe0a",
    "unauthPolicyName": "pinpoint_amplify_43dffe0a",
    "authRoleName": {
        "Ref": "AuthRoleName"
    },
    "unauthRoleName": {
        "Ref": "UnauthRoleName"
    },
    "authRoleArn": {
        "Fn::GetAtt": [
            "AuthRole",
            "Arn"
        ]
    }
}