{
  "dev": {
    "awscloudformation": {
      "AuthRoleName": "amplify-psesecuritycam-dev-174859-authRole",
      "UnauthRoleArn": "arn:aws:iam::005754358662:role/amplify-psesecuritycam-dev-174859-unauthRole",
      "AuthRoleArn": "arn:aws:iam::005754358662:role/amplify-psesecuritycam-dev-174859-authRole",
      "Region": "ap-southeast-1",
      "DeploymentBucketName": "amplify-psesecuritycam-dev-174859-deployment",
      "UnauthRoleName": "amplify-psesecuritycam-dev-174859-unauthRole",
      "StackName": "amplify-psesecuritycam-dev-174859",
      "StackId": "arn:aws:cloudformation:ap-southeast-1:005754358662:stack/amplify-psesecuritycam-dev-174859/bf143a30-7f5e-11ec-9335-0ac9e33d3974",
      "AmplifyAppId": "d2vy5f3q347yyc"
    },
    "categories": {
      "auth": {
        "psesecuritycam81d680d7": {},
        "true": {}
      }
    }
  }
}