{
  "providers": {
    "awscloudformation": {
      "AuthRoleName": "amplify-psesecuritycam-dev-174859-authRole",
      "UnauthRoleArn": "arn:aws:iam::005754358662:role/amplify-psesecuritycam-dev-174859-unauthRole",
      "AuthRoleArn": "arn:aws:iam::005754358662:role/amplify-psesecuritycam-dev-174859-authRole",
      "Region": "ap-southeast-1",
      "DeploymentBucketName": "amplify-psesecuritycam-dev-174859-deployment",
      "UnauthRoleName": "amplify-psesecuritycam-dev-174859-unauthRole",
      "StackName": "amplify-psesecuritycam-dev-174859",
      "StackId": "arn:aws:cloudformation:ap-southeast-1:005754358662:stack/amplify-psesecuritycam-dev-174859/bf143a30-7f5e-11ec-9335-0ac9e33d3974",
      "AmplifyAppId": "d2vy5f3q347yyc"
    }
  },
  "auth": {
    "psesecuritycam81d680d7": {
      "service": "Cognito",
      "providerPlugin": "awscloudformation",
      "dependsOn": [],
      "customAuth": false,
      "frontendAuthConfig": {
        "socialProviders": [],
        "usernameAttributes": [
          "EMAIL"
        ],
        "signupAttributes": [
          "EMAIL"
        ],
        "passwordProtectionSettings": {
          "passwordPolicyMinLength": 8,
          "passwordPolicyCharacters": []
        },
        "mfaConfiguration": "OFF",
        "mfaTypes": [
          "SMS"
        ],
        "verificationMechanisms": [
          "EMAIL"
        ]
      },
      "providerMetadata": {
        "s3TemplateURL": "https://s3.amazonaws.com/amplify-psesecuritycam-dev-174859-deployment/amplify-cfn-templates/auth/psesecuritycam81d680d7-cloudformation-template.json",
        "logicalId": "authpsesecuritycam81d680d7"
      },
      "lastPushTimeStamp": "2022-01-27T10:54:29.918Z",
      "output": {
        "UserPoolId": "ap-southeast-1_BUrrYMkkF",
        "AppClientIDWeb": "50kdu1qt888brnbkm7r4903f80",
        "AppClientID": "3fo7sii06hes2u9c64dh40qvnb",
        "IdentityPoolId": "ap-southeast-1:d7298512-8b75-47c4-8286-5d6e52d721e2",
        "UserPoolArn": "arn:aws:cognito-idp:ap-southeast-1:005754358662:userpool/ap-southeast-1_BUrrYMkkF",
        "IdentityPoolName": "psesecuritycam81d680d7_identitypool_81d680d7__dev",
        "UserPoolName": "psesecuritycam81d680d7_userpool_81d680d7"
      },
      "lastPushDirHash": "UR2SMdvhH7oRyZFrlpka4JP8KcU="
    }
  },
  "analytics": {
    "psesecuritycam": {
      "service": "Pinpoint",
      "providerPlugin": "awscloudformation",
      "providerMetadata": {
        "s3TemplateURL": "https://s3.amazonaws.com/amplify-psesecuritycam-dev-174859-deployment/amplify-cfn-templates/analytics/pinpoint-cloudformation-template.json",
        "logicalId": "analyticspsesecuritycam"
      },
      "lastPushTimeStamp": "2022-01-27T10:54:29.918Z",
      "output": {
        "appName": "psesecuritycam-dev",
        "Region": "ap-southeast-1",
        "Id": "89af64e953ca464480a637de68e57d17"
      },
      "lastPushDirHash": "ydMprYBwdgAAQeIN8tj+99t+k30="
    }
  }
}